en	ko	note
-	빼기	KIGO 스타일 가이드(기호 명칭)
-	하이픈/붙임표	KIGO 스타일 가이드(기호 명칭)
--	줄표	KIGO 스타일 가이드(기호 명칭)
,	쉼표	KIGO 스타일 가이드(기호 명칭)
;	세미콜론/쌍반점	KIGO 스타일 가이드(기호 명칭)
:	콜론/쌍점	KIGO 스타일 가이드(기호 명칭)
!	느낌표	KIGO 스타일 가이드(기호 명칭)
?	물음표	KIGO 스타일 가이드(기호 명칭)
?.	?.	'옵셔널 체이닝 문법, 물음표 점'이라고 읽음
?.()	?.()	'옵셔널 체이닝 문법, 물음표 괄호'라고 읽음
?.[]	?.[]	'옵셔널 체이닝 문법, 물음표 대괄호'라고 읽음
.	마침표	KIGO 스타일 가이드(기호 명칭)
……	줄임표	KIGO 스타일 가이드(기호 명칭)
·	가운뎃점	KIGO 스타일 가이드(기호 명칭)
'	작은따옴표/아포스트로피	KIGO 스타일 가이드(기호 명칭)
""	큰따옴표	KIGO 스타일 가이드(기호 명칭)
()	소괄호	KIGO 스타일 가이드(기호 명칭)
[]	대괄호	KIGO 스타일 가이드(기호 명칭)
{}	중괄호	KIGO 스타일 가이드(기호 명칭)
*	별표	KIGO 스타일 가이드(기호 명칭)
/	슬래시/빗금	KIGO 스타일 가이드(기호 명칭)
\	역슬래시, 원	KIGO 스타일 가이드(기호 명칭)
&	앰퍼샌드	KIGO 스타일 가이드(기호 명칭)
#	파운드	KIGO 스타일 가이드(기호 명칭)
%	백분율	KIGO 스타일 가이드(기호 명칭)
+	더하기	KIGO 스타일 가이드(기호 명칭)
<=	부등호(이하/작거나 같음)	KIGO 스타일 가이드(기호 명칭)
<>	꺽쇠괄호, 각괄호	KIGO 스타일 가이드(기호 명칭)
=	등호(같음)	KIGO 스타일 가이드(기호 명칭)
>	부등호(초과/보다 큼)	KIGO 스타일 가이드(기호 명칭)
>=	부등호(이상/크거나 같음)	KIGO 스타일 가이드(기호 명칭)
|	세로줄	KIGO 스타일 가이드(기호 명칭)
||	이중 세로줄	KIGO 스타일 가이드(기호 명칭)
~	물결표	KIGO 스타일 가이드(기호 명칭)
$	달러	KIGO 스타일 가이드(기호 명칭)
x	곱하기	KIGO 스타일 가이드(기호 명칭)
accessor	접근자
action	동작
alert	alert 창, 얼럿 창, 얼럿 대화상자	프론트엔드 개발자를 위한 자바스크립트 프로그래밍 표기 참고
alias	별칭
ampersands	앰퍼샌드
ancestor	조상	조상 노드
animation	애니메이션
appendix	부록
application	애플리케이션
architecture	아키텍처	국립국어원 외래어 표기법 참고
argument	인수	함수 호출 시 실제 전달되는 값. 인자는 parameter(매개변수)
array destructing	배열 구조 분해
array initializer	배열 초기자	배열 이니셜라이저에서 변경
array like (object)	유사 배열 (객체)
arrow function	화살표 함수
assertion	assertion	테스팅 자동화 개념으로 번역하지 않음
assignment	할당	할당, 할당 연산자 등
assignment expression	할당 표현식
associative array	연관 배열	최초 등장 시 영문 병기
async script	async 스크립트, 비동기 스크립트
attribute	속성	property는 프로퍼티로 번역
autocorrection	자동 고침
babel	바벨
background	백그라운드	스레드·프로세스 개념과 함께 쓰일 때 음차
backreference	역참조	러닝 자바스크립트 17장 참고
backslash	역슬래시
base of recursion	재귀의 베이스	알고리즘 서적 다수가 채택
best practice	모범 사례
bind	바인드	최초 등장 시 병기 (bind)
binding	바인딩	최초 등장 시 병기 (binding)
block	블록
body	본문	함수의 body는 함수 본문
BOM	BOM	최초 등장 시 브라우저 객체 모델(Browser Object Model, BOM)
boolean	불(린)값	번역 안함에서 불(린)값·불린형으로 변경. 문맥 따라 혼용
boolean type	불린형, 불(린) 자료형, 불리언 자료형
border	테두리
bracket	대괄호 표기법
bracket(s)	괄호
breakpoint	중단점	디버깅
browser	브라우저
bubbling	버블링
bug	버그
build	빌드
built-in	내장
bundle	번들	번들링, 번들러(bundler)로 확장 가능
byte	바이트
cache(caching)	캐시(캐싱)
call forwarding	번역 안함	적절한 번역어 없음
callable	호출 가능한, 호출할 수 있는
callback	콜백
camel case	카멜 표기법	캐멀 케이스에서 통일
capturing	캡처링
carriage return	캐리지 리턴
case	case문	case문, default문, switch문 표기
chapter	챕터	'주제'에서 토의로 '챕터'로 변경
character	글자	한 글자. 자바스크립트엔 글자 하나 저장용 자료형이 없음
character code	문자 코드
character encoding	문자 인코딩
cheat sheet	치트 시트
child node	자식 노드
children	자식	자식 노드
Chrome	Chrome	상품명 번역 안함
class	클래스	문맥에 따라 '계층 구조', '종류'
clause	절
clone	복제, 복제하기
closure	클로저
collection	컬렉션
colon	콜론, 쌍점
comma	쉼표
command	명령어
comment	주석
comment node	주석 노드	COMMENT 노드 혼용
compile	컴파일
computed property name	계산된 프로퍼티명
computed style value	계산값
configurable	구성 가능한
confirm	컨펌 대화상자	최초 등장 시 컨펌(confirm) 대화상자 병기
console	콘솔
construct	문법 (구조), 구문	MS 용어집 참고로 구문 혼용
constructor	생성자	번역 안함에서 생성자로 변경
contents	콘텐츠
context	컨텍스트	인사이드 자바스크립트 참고
context menu	컨텍스트 메뉴	우클릭 메뉴
contextual name	contextual name	번역 안함
control flow	제어 흐름
control point	조절점	베지어 곡선
convention	컨벤션, 관습	문맥에 따라 선택
core	코어	코어 자바스크립트(core JavaScript)
credential	자격 증명
cross-platform	크로스 플랫폼
curly brace	중괄호
curring	커링	최초 등장 시 커링(curring) 병기
custom	커스텀, 사용자 지정	혼용 결정
dash	대시(기호)	대시 기호(—)
data	데이터
data structure	자료 구조
data type	자료형, 데이터 타입(혼용)
dataset	dataset	번역 안함
debounce	디바운스
debugging	디버깅
declaration	선언	definition은 정의
declarative	선언적인
decode	디코드	디코딩. 음차
decorator	데코레이터	최초 등장 시 병기
deep cloning	깊은 복사	객체 복제
default	default문
defer script	defer 스크립트, 지연 스크립트
definition	정의	declaration은 선언
deque	양단 대기열	double-ended queue
derived class	하위 클래스	상위·하위 클래스(JAVA 서적 참고)
descendant	후손	후손 노드
descriptor	설명자
destructuring assignment	구조 분해 할당	MDN
diagram	다이어그램
directive	지시자
directory	디렉터리
document	문서/document	document 객체를 나타낼 때는 번역 안함
DOM	DOM	최초 등장 시 문서 객체 모델(Document Object Model, DOM). '돔'으로 읽음
dot notation	점 표기법	대괄호 표기법과 대응
Dotall	번역 안함	'닷올'로 읽음
drag'n'drop	드래그 앤 드롭
dynamic programming	다이내믹 프로그래밍	외래어 표기법 '다이내믹'
dynamic typed	동적 타이핑
Edge	Edge	상품명 번역 안함
edge case	에지 케이스	corner case, boundary case 등
editor	에디터, 편집기
element	요소
element node	요소 노드	Element 노드 혼용
encode	인코드	인코딩. 음차
engine	엔진
entity	개체/엔티티	문맥에 따라
enumerable	열거 가능한, 열거형
environment	(호스트) 환경	자바스크립트 구동 환경이면 호스트 환경
Environment Record	환경 레코드
equality	동등 연산자	==
error	에러
error-first callback	오류 우선 콜백	러닝 자바스크립트 참고
escape character	이스케이프 문자
example	예시
execution	실행
execution context	실행 컨텍스트
execution flow	실행 흐름
execution stack	실행 스택
executor	executor	최초 등장 시 executor(실행자, 실행 함수) 병기
exotic object	특수 객체
exponentiation	거듭제곱	거듭제곱 연산자
export	내보내기	모듈 문서에서 동사로 쓰이면 '내보내다'
expression	표현식	값으로 평가될 수 있는 문(statement)
factory method	팩토리 메서드
false	false	번역 안함
falsy	falsy	최초 등장 글에서 falsy(거짓 같은 값) 병기, 이후 번역 안함
feature	기능
field	필드(필드값)
Firefox	Firefox	상품명 번역 안함
flag	플래그
floating point number	부동소수점 숫자
for instance:	예시:	완전한 문장 끝에는 콜론을 붙이지 않음
form	폼
formal argument	매개변수
format	형식, 서식, 종류	문맥에 맞게
fragments	fragments	번역 안함. '프래그먼츠'로 읽음
frame	프레임
fulfilled	성공, 처리, 이행	프라미스. 러닝 자바스크립트 참고
function	함수
Function Declaration	함수 선언(문)
function expression	함수 표현식
garbage collection	가비지 컬렉션
generator	제너레이터
generic	제네릭
geometry	기하	좌표 관련 내장 메서드
getter	getter	최초 등장 시 getter(획득자) 병기
global	전역
global symbol registry	전역 심볼 레지스트리
Google	Google	회사명 번역 안함
handler	핸들러
handling	핸들링
handshake	핸드셰이크
header	헤더
helper	헬퍼(helper)	번역 안하거나 음차
hex color	16진수 색	MS terms
hidden property	숨김 프로퍼티
hierarchy	계층 구조
hoisting	호이스팅
Hook	Hook	번역 안함. '훅'으로 읽음
horizontal ellipsis	생략 부호
host	호스트
HTML	HTML	번역 안함
HTML attribute	HTML 속성
HTTP authentication	HTTP 인증
hyphens	하이픈
identifier	식별자
identity / strict equality	일치 연산자	===
IIFE	즉시 실행 함수 표현식	번역 안함에서 변경
import	가져오기	모듈 문서에서 동사로 쓰이면 '가져오다'
imprinted	각인
indent	들여쓰기
index	인덱스
inequality operator	부등 연산자	!=
information hiding	정보 은닉
inheritance	상속
inline	인라인	인라인 스크립트 등
inner	내부
input field	입력 필드
instance	인스턴스
internal object	내부 객체
Internet Explorer	Internet Explorer	상품명 번역 안함
introduction	소개
introspection	내부검사	객체 타입·프로퍼티 검사
iterable	이터러블	최초 등장 시 반복 가능한(iterable, 이터러블) 객체. 이후 혼용, 되도록 '이터러블'
iteration	반복, 이터레이션	반복(iteration, 이터레이션)
iterator	iterator	번역 안함
javascript	자바스크립트
key	키
label	레이블
level	레벨
lexical	렉시컬	최초 등장 시 렉시컬(lexical, 정적, 어휘적) 병기
Lexical Environment	렉시컬 환경
lifecycle	생명주기
line	행, 줄, 라인
line break	줄바꿈
linked list	연결 리스트
linter	linter
literal	리터럴(표기법)
local	지역, 로컬	지역 변수는 번역, local network·server는 로컬
log	로그
loop	반복문	for문, while문 또는 반복문
Mac	Mac	운영체제명 번역 안함
manual	매뉴얼
margin	마진	padding·margin은 패딩·마진으로
markup	마크업
match	일치 항목	정규표현식
mechanism	매커니즘
megabyte	메가바이트
member function	멤버 함수
member variable	멤버 변수
memory	메모리
message	메시지
method	메서드
method shorthand	메서드 단축 구문
microsecond	마이크로초
Microsoft	Microsoft	회사명 번역 안함
millisecond	밀리초
minifier	압축기
minus, subtraction	뺄셈	뺄셈 연산자
Mixin	Mixin, 믹스인	원문·음차 혼용
mock	모의
modal	모달
modal window	모달 창
model	모델
modern	모던(한)	'현대적인' 대신 모던(한)으로 통일
module	모듈
mount	마운트
multiplication	곱셈	곱셈 연산자
mutation observer	뮤테이션 옵저버
named collection	기명 컬렉션	'명명된 컬렉션'에서 리뷰 후 변경
named function expression	기명 함수 표현식
namespace	네임스페이스
native	네이티브
nested function	중첩 함수
network	네트워크
network request	네트워크 요청
newline character	줄 바꿈 문자
NFE	명시된 함수표현 식
node	노드
non-configurable	구성 가능하지 않은
non-identity / strict inequality	불일치 연산자	!==
non-promise	프라미스가 아닌 객체
non-standard	비표준
note	노트/주의
null	null	번역 안함
nullish coalescing operator	nullish 병합 연산자	null 병합 연산자에서 수정(2021-12-22)
number type	숫자, 숫자형
object	객체
object initializer	객체 초기자
object wrapper	원시 래퍼 객체
Opera	Opera	상품명 번역 안함
operand	피연산자
operation	연산
operator	연산자
optimize	최적화(하다)
optional chaining	옵셔널 체이닝
outer	외부
Outer Lexical Environment	외부 렉시컬 환경
overriding	오버라이딩
P.S.	참고:	과제 하단 참고사항. 여러 개면 참고1: 참고2:
package	패키지
padding	패딩
page reloading	새로 고침	'새로고침' 아닌 '새로 고침'으로 띄어씀
pane	패널	개발자 도구 보조 창
parallel computations	병렬 계산
parameter	매개변수	함수에 전달되는 데이터를 가리키는 변수. 인수를 담음
parent	부모	부모 노드
parentheses	괄호
parse-time	parse-time	번역 안함
parsing	파싱
part	대 단원
partial (partials)	번역 안함	.partial 메서드 등
partial application	부분 적용	함수형 프로그래밍 용어
Pattern	패턴
platform	플랫폼
plus, addition	덧셈	덧셈 연산자
pointer	포인터	마우스 포인터
polyfill	폴리필
portal	포탈
practice	관습, 관례
primitive type	원시형, 원시 타입
primitive(s)	원시값
process	프로세스
production server	프로덕션 서버
programmer	프로그래머
promise	프라미스
prompt	프롬프트 대화상자	최초 등장 시 한-영 병기
property	프로퍼티	attribute는 속성
proposal	제안	TC39의 proposal
props	props	번역 안함. '프로퍼티즈'로 읽음
prototype	프로토타입
proxy	프락시
pseudo-class	가상 클래스
pseudo-element	의사 요소
pseudocode	의사코드	최초 등장 시 (슈도코드, pseudocode) 병기
quantifier	수량자
question mark operator	물음표 연산자
queue	대기열
raising	올리기	호이스팅 부가설명
real array	정규 배열
reconciliation	재조정
recursion	재귀
recursive	재귀적인
ref	ref	번역 안함. '레퍼런스'로 읽음
reference	참고	링크 참고 문맥
reference type	참조 타입
regexp	정규식
regular expression	정규 표현식
reject	reject	프라미스 콜백 함수명이라 번역 안함
rejected	실패, 거부됨	프라미스. 러닝 자바스크립트 참고
rejection handler	rejection 핸들러
remote server	원격 서버
render	렌더링하다
repository	리포지토리
resolve	resolve/이행되다	함수명이면 번역 안함, 처리 상태면 '이행되다, 성공적으로 처리되다'
resolved style value	결정값
rest parameter	나머지 매개변수	팀 결정
return	리턴	메서드 반환값 문맥
return statement	리턴문
return value	결괏값, 반환 값
reuse	재사용
root	루트
root domain	루트 도메인
Ruby	Ruby	언어명 번역 안함
run-time, runtime	런타임
Safari	Safari	상품명 번역 안함
Same Origin Policy	동일 출처 정책
schedule	스케줄
scheduling	스케줄링	setTimeout·setInterval 작업 예약
scope	스코프	전역 스코프, 블록 스코프, 함수 스코프
script	스크립트
scrollbar	스크롤바
section	절
seed	고정값
semicolon	세미콜론, 쌍반점
server-side	서버 사이드
setter	setter	최초 등장 시 setter(설정자) 병기
settled	결정, 처리된	프라미스
shareware	셰어웨어	외래어 표기법 용례
Short-circuit evaluation	단락 회로 평가
shorthand	단축 구문
sibling (node)	형제 (노드)
side-effect	부작용	MS Language Portal 기반
slash	슬래시	'빗금'이라 하지 않고 슬래시
solution	해답, 답안
spec	스펙	테스팅 자동화 문서 문맥
spec, specification	명세(서)
special character	특수 문자
spread operator	전개 연산자
spread syntax	전개 구문	한빛미디어 출판 가이드
square bracket	대괄호
stack	스택
state	상태, state	React 문맥에선 번역 안함
statement	문, 구문	단독으로 쓰일 땐 구문
static	정적	정적 메서드 등
Sticky Mode	번역 안함
strict mode	엄격 모드	no strict mode는 비 엄격 모드
string, string type	문자열, 문자형
style	스타일
stylesheet	스타일시트, stylesheet	병기
subcall	서브 호출
subdomain	서브 도메인
substring	부분 문자열
summary	요약
surrogate pair	서로게이트 쌍	번역 안함에서 변경
switch	switch문
Symbol, symbol type	심볼, 심볼형
syntactic sugar	편의 문법
syntax	문법	논의로 확정
synthetic event	합성 이벤트
table	테이블	table 태그는 테이블, 그 외 '표' 혼용
tag	태그
tagged template	태그드 템플릿
target	타깃
task	과제
template	템플릿
template function	템플릿 함수
ternary operator	삼항 연산자
text field	텍스트 필드
text node	텍스트 노드	TEXT 노드 혼용
third party	서드 파티
throttle	스로틀	외래어 표기법 기반
throttling	스로틀링
thumbnail	섬네일	'썸네일' 아닌 '섬네일'
Tick	Tick	번역 안함. '틱'으로 읽음
time zone	표준 시간대, 시간대
timestamp	타임스탬프
tip	팁
toggle	토글	토글 버튼 등
tool	툴
transition	전환, 트랜지션	CSS transition은 트랜지션
transpile	트랜스파일
transpiler	트랜스파일러
traversal	순회
tree	트리	DOM 트리 등
tree shaking	가지치기	번들링 최적화 과정
trick	편법, 트릭
trigger	트리거
true	true	번역 안함
truthy (value)	truthy	최초 등장 글에서 truthy(참 같은 값) 병기, 이후 번역 안함
tutorial	튜토리얼
type	타입, (자료)형	단독은 타입, 합성어는 'xx형'(문자형, 숫자형)
UI	UI	번역 안함. '유아이'로 읽음
undefined	undefined	번역 안함. '언디파인드'로 읽음
underscore	밑줄
unicode character	유니코드 문자
unmount	마운트 해제
upload	업로드
url	url	번역 안함
use case	유스 케이스
user	사용자
value(s)	값(값들)
vector	벡터
view	뷰
viewport	뷰포트
visitor	사용자
Web	Web	대문자 Web은 번역 안함. '웹'으로 읽음
web component	웹 컴포넌트
webpack	웹팩
webpage(s)	웹페이지
WebSocket	웹소켓
wheel	휠	마우스 휠
Whoops!	에러 발생!	에러 생성자에 넘기는 문자열
window	window/윈도우	window 객체는 번역 안함
Windows	Windows	운영체제명 번역 안함
wrapper	래퍼
wrapping	래핑(하는)
binary	이진, 바이너리
connection	커넥션	네트워크 관련 글
extension	익스텐션	외래어 표기법
single-quoted	작은따옴표
double-quoted	큰따옴표
quotes	따옴표
quoted strings	따옴표로 묶인 문자열
opening quote	여는 따옴표
closing quote	닫는 따옴표
escape	이스케이프
sequence	시퀀스
cross-window	크로스 윈도우
same-origin	동일 출처
variant	변형
Accuracy	정확도	예측이 실제 정답과 얼마나 일치하는지 측정하는 지표 (2025 AI 핵심용어)
Affective Computing	감성 컴퓨팅	사용자 감정·표정을 인식하고 반응하는 AI 기술 (2025 AI 핵심용어)
Agentic AI	에이전틱 AI	여러 AI 에이전트가 협력해 목표를 자율 수행하는 고차원 체계 (2025 AI 핵심용어)
Agentic Misalignment	에이전틱 오정렬	AI가 자율적 목표 추구 중 인간 의도와 다르게 행동하는 현상 (2025 AI 핵심용어)
AI Accelerator	AI 가속기	AI 연산을 고속·고효율로 처리하는 전용 장치 (2025 AI 핵심용어)
AI Accountability	AI 책임성	AI 판단 과정·결과에 대한 책임 주체를 명확히 하는 원칙 (2025 AI 핵심용어)
AI Agent	AI 에이전트	자율적으로 판단·행동해 인간 목표를 대신 수행하는 AI 시스템 (2025 AI 핵심용어)
AI Alignment	AI 정렬	AI 목표와 행동을 인간 가치·의도에 맞도록 조정하는 기술 (2025 AI 핵심용어)
AI as a Service	서비스형 AI	클라우드로 AI 기능을 서비스 형태로 제공하는 모델(AIaaS) (2025 AI 핵심용어)
AI Assistant	AI 어시스턴트	사용자 요구를 이해하고 과업을 수행하는 대화형 AI 도우미 (2025 AI 핵심용어)
AI Basic Society	AI 기본사회	AI 기술로 모든 사람의 기본권이 보장받는 사회 (2025 AI 핵심용어)
AI Bias	AI 편향	AI가 데이터·알고리즘 불균형으로 차별적 결과를 내는 현상 (2025 AI 핵심용어)
AI Chatbot	AI 챗봇	질문·요청을 문자·음성으로 받아 응답을 생성하는 대화형 소프트웨어 (2025 AI 핵심용어)
AI Data Center	AI 데이터 센터	대규모 데이터 저장·처리로 AI 연산을 지원하는 인프라 (2025 AI 핵심용어)
AI Divide	AI 격차	AI 활용 능력 차이로 인한 사회·산업 간 불균형 (2025 AI 핵심용어)
AI Ethics	AI 윤리	AI가 인간 가치와 책임에 따라 개발·활용되게 하는 규범 체계 (2025 AI 핵심용어)
AI for All	모두의 AI	국민 누구나 AI를 활용하도록 접근성을 확대하는 정책 방향 (2025 AI 핵심용어)
AI Governance	AI 거버넌스	AI 전 주기에서 안전과 책임을 관리하는 운영 체계 (2025 AI 핵심용어)
AI Guardrails	AI 가드레일	AI의 위험·부적절 출력을 제한하는 안전 장치 (2025 AI 핵심용어)
AI Highway	AI 고속도로	컴퓨팅·데이터·보안을 통합한 AI 인프라 (2025 AI 핵심용어)
AI Human	AI 휴먼	사람의 외형·목소리·행동을 모사해 소통하는 가상 인간 (2025 AI 핵심용어)
AI Ideological Bias	AI 이념적 편향	AI가 특정 정치·사회적 이념을 선호하거나 배제하는 현상 (2025 AI 핵심용어)
AI Inclusiveness	AI 포용성	모든 사회 구성원이 AI 혜택을 골고루 누리는 개념 (2025 AI 핵심용어)
AI Inference	AI 추론	학습된 모델이 입력 데이터로 결과를 계산·출력하는 실행 과정 (2025 AI 핵심용어)
AI Literacy	AI 리터러시	AI를 이해하고 활용하는 개인·조직의 역량 (2025 AI 핵심용어)
AI Native	AI 네이티브	AI를 기본 전제로 삶과 구조가 형성된 체계 (2025 AI 핵심용어)
AI of Things	지능형 사물인터넷	AI와 IoT를 결합해 자율 판단하는 지능형 연결 기술(AIoT) (2025 AI 핵심용어)
AI Orchestration	AI 오케스트레이션	여러 AI 기능을 통합해 하나의 지능형 시스템으로 운영하는 기술 (2025 AI 핵심용어)
AI Persona	AI 페르소나	AI가 특정 성격·역할·말투를 일관되게 유지하는 응답 방식 (2025 AI 핵심용어)
AI Reasoning	AI 추론	주어진 정보·규칙으로 새로운 논리적 결론을 도출하는 과정 (2025 AI 핵심용어)
AI Red Teaming	AI 레드티밍	공격자 관점에서 AI 취약점을 시험해 위험을 식별하는 검증 (2025 AI 핵심용어)
AI Safety	AI 안전	AI의 예측 불가능한 위험으로부터 인간·사회를 보호하는 체계 (2025 AI 핵심용어)
AI Semiconductor	AI 반도체	AI 학습·추론용 대규모 병렬 연산 특화 반도체 (2025 AI 핵심용어)
AI Sycophancy	AI 아첨	AI가 사용자 의견에 과도 동조하며 사실성을 희생하는 현상 (2025 AI 핵심용어)
AI Transformation	AI 전환	조직·산업 전반을 AI 중심 구조로 재편하는 전환 단계 (2025 AI 핵심용어)
AI Trustworthiness	AI 신뢰성	안전·공정·투명하게 작동하는 신뢰할 수 있는 AI 체계 (2025 AI 핵심용어)
AI Watermarking	AI 워터마킹	AI 생성물에 식별 정보를 삽입해 출처·진위를 구분하는 기술 (2025 AI 핵심용어)
AI-Generated Content	AI 생성 콘텐츠	AI가 입력을 바탕으로 만들어낸 새로운 콘텐츠(AIGC) (2025 AI 핵심용어)
AI-Radio Access Network	지능형 기지국	RAN에 AI를 적용해 네트워크를 지능적으로 제어하는 기술(AI-RAN) (2025 AI 핵심용어)
America's AI Action Plan	미국 AI 행동계획	미국이 AI 혁신·인프라·안보 강화를 위해 제시한 정책 계획 (2025 AI 핵심용어)
Anomaly Detection	이상 탐지	데이터에서 비정상적 패턴을 자동 식별하는 기술 (2025 AI 핵심용어)
Artificial General Intelligence	인공일반지능	인간 수준 지적 과제를 스스로 이해·학습·수행하는 범용 AI (2025 AI 핵심용어)
Artificial Narrow Intelligence	인공협소지능	특정 목적이나 작업에 한정된 형태의 AI (2025 AI 핵심용어)
Artificial Superintelligence	인공초지능	인간의 인지·판단력을 넘어서는 수준의 AI (2025 AI 핵심용어)
Autoencoder	오토인코더	입력을 압축했다 복원하며 특징을 학습하는 신경망 모델 (2025 AI 핵심용어)
Automated Decision-Making	자동화된 의사결정	AI가 인간 개입 없이 데이터를 분석해 결정하는 기술(ADM) (2025 AI 핵심용어)
Automated Machine Learning	자동화된 머신러닝	머신러닝 개발 과정을 자동으로 수행·최적화하는 기술(AutoML) (2025 AI 핵심용어)
Backpropagation	오차 역전파	예측 오차를 거꾸로 전달해 가중치를 조정하는 알고리즘 (2025 AI 핵심용어)
Benchmark Dataset	벤치마크 데이터셋	모델 성능을 비교·평가하기 위한 표준 데이터 모음 (2025 AI 핵심용어)
Causal AI	인과 AI	데이터 간 인과관계를 추론해 원인·결과를 설명하는 AI (2025 AI 핵심용어)
Central Processing Unit	중앙처리장치	명령어를 해석해 연산·제어·입출력을 담당하는 처리 장치(CPU) (2025 AI 핵심용어)
Chain of Thought	사고 사슬	추론 과정을 단계적으로 보여주도록 유도하는 프롬프트 기법(CoT) (2025 AI 핵심용어)
Chemical, Biological, Radiological, Nuclear	CBRN 위험	화학·생물·방사능·핵 관련 고위험 분야의 위험 (2025 AI 핵심용어)
Cloud AI	클라우드 AI	중앙 서버에서 AI를 구동해 서비스를 제공하는 구조 (2025 AI 핵심용어)
Conversational AI	대화형 AI	인간 언어를 이해하고 자연스럽게 소통하는 AI 시스템 (2025 AI 핵심용어)
Convolutional Neural Network	합성곱 신경망	이미지·영상 시각 데이터를 인식·분석하는 딥러닝 신경망 구조 (2025 AI 핵심용어)
Curse of Dimensionality	차원의 저주	데이터 차원이 높아질수록 분석·학습이 어려워지는 현상 (2025 AI 핵심용어)
Data Flywheel	데이터 플라이휠	데이터 축적·활용 반복으로 AI를 개선하는 선순환 구조 (2025 AI 핵심용어)
Data Labeling	데이터 라벨링	데이터에 의미·정답을 부여해 AI 학습을 돕는 과정 (2025 AI 핵심용어)
Data Preprocessing	데이터 전처리	학습 데이터를 정리·변환해 품질을 높이는 과정 (2025 AI 핵심용어)
Data Processing Unit	데이터 처리장치	데이터 이동·저장·네트워크 처리를 전담하는 프로세서(DPU) (2025 AI 핵심용어)
Data Silo	데이터 사일로	조직 내 데이터가 고립되어 공유되지 않는 현상 (2025 AI 핵심용어)
Data Wrangling	데이터 랭글링	데이터를 분석 목적에 맞게 정리·구조화하는 과정 (2025 AI 핵심용어)
Deep Learning	딥러닝	인공신경망을 여러 층 쌓아 패턴을 학습하는 기법 (2025 AI 핵심용어)
Deepfake	딥페이크	얼굴·음성을 조작해 사실처럼 보이게 하는 생성 기술 (2025 AI 핵심용어)
Discriminative AI	판별형 AI	입력을 구분·분류해 결과를 예측하는 AI 모델 (2025 AI 핵심용어)
Distillation	증류	큰 모델 지식을 작은 모델로 전이하는 경량화 기법 (2025 AI 핵심용어)
Distributed Training	분산학습	여러 장비가 협력해 모델을 병렬 학습하는 방식 (2025 AI 핵심용어)
Down-sampling	다운샘플링	다수 클래스 데이터를 줄여 전체 분포를 균형화하는 기법 (2025 AI 핵심용어)
Dual-Use Risk	이중 용도 위험	합법적 목적 기술이 해로운 방식으로도 쓰이는 위험 (2025 AI 핵심용어)
Early Stopping	조기 종료	과적합 전에 학습을 멈추는 기법 (2025 AI 핵심용어)
Edge AI	에지 AI	데이터 생성 지점에서 직접 AI 연산을 수행하는 기술 (2025 AI 핵심용어)
Eliza Effect	ELIZA 효과	AI에 실제 의도·감정이 있다고 과대 해석하는 심리 현상 (2025 AI 핵심용어)
Embedded AI	임베디드 AI	기기 내부 회로에 AI를 직접 탑재해 작동시키는 형태 (2025 AI 핵심용어)
Embedding	임베딩	비정형 데이터를 수치 벡터로 변환해 의미를 표현하는 기술 (2025 AI 핵심용어)
Embodied AI	체화 인공지능	로봇·물리적 몸체로 환경과 상호작용하며 학습하는 AI (2025 AI 핵심용어)
Encoder-Decoder Architecture	인코더-디코더 구조	입력을 압축해 표현으로 만들고 새 출력을 생성하는 구조 (2025 AI 핵심용어)
EU AI Act	EU AI법	위험 수준에 따라 규제를 차등 적용하는 EU의 AI 법률 (2025 AI 핵심용어)
Explainable AI	설명가능한 AI	AI 판단 근거를 사람이 이해하도록 설명하는 기술(XAI) (2025 AI 핵심용어)
F1-score	F1 점수	정밀도와 재현율의 조화평균으로 표현한 성능 지표 (2025 AI 핵심용어)
Fabless	팹리스	설계만 수행하고 제조는 외부에 맡기는 반도체 기업 (2025 AI 핵심용어)
Fair Use	공정 이용	저작권자 허락 없이 공익적으로 저작물을 활용하는 원칙 (2025 AI 핵심용어)
federated learning	연합학습	데이터를 공유하지 않고 분산 협력 학습하는 방식 (2025 AI 핵심용어)
Few-shot	퓨샷	소량 예시를 함께 제시해 작업 기준을 명확히 하는 방식 (2025 AI 핵심용어)
Fin Field-Effect Transistor	핀펫	누설 전류를 줄이려 3차원 구조로 설계된 트랜지스터 (2025 AI 핵심용어)
Fine-Tuning	미세조정	학습된 모델을 새 데이터·목적에 맞게 최적화하는 과정 (2025 AI 핵심용어)
Floating point Operations Per Second	부동 소수점 연산	컴퓨터가 실수 계산을 수행하는 연산량·속도 지표(FLOPS) (2025 AI 핵심용어)
Foundation Model	파운데이션 모델	대규모 데이터를 학습해 여러 작업에 공통 활용하는 모델 (2025 AI 핵심용어)
Frontier AI	프론티어 AI	현존 기술을 넘어선 고도화된 능력의 차세대 AI 모델 (2025 AI 핵심용어)
Gate-All-Around	GAA	게이트가 채널 네 면을 감싸 전류 제어를 높인 구조 (2025 AI 핵심용어)
General Purpose AI	범용 AI	다양한 목적·분야에서 재사용되는 기초 AI 모델(GPAI) (2025 AI 핵심용어)
General-Purpose AI Agent	범용 AI 에이전트	다양한 작업을 스스로 해석·계획·실행하도록 설계된 AI 에이전트 (2025 AI 핵심용어)
Generative Adversarial Networks	생성적 적대 신경망	생성자·판별자 경쟁으로 새 데이터를 만드는 신경망(GAN) (2025 AI 핵심용어)
Generative AI	생성형 AI	새로운 텍스트·이미지·음성 등을 만들어내는 AI 기술 (2025 AI 핵심용어)
Graphics Processing Unit	그래픽 처리 장치	대규모 병렬 연산을 수행하는 고성능 연산 장치(GPU) (2025 AI 핵심용어)
Hallucination	환각	AI가 사실과 다르거나 근거 없는 내용을 생성하는 현상 (2025 AI 핵심용어)
High Bandwidth Memory	고대역폭 메모리	대역폭과 속도를 극대화한 고성능 메모리 반도체(HBM) (2025 AI 핵심용어)
Human-in-the-Loop	휴먼 인 더 루프	자동화 의사결정에 인간이 개입해 검증·보완하는 구조 (2025 AI 핵심용어)
Hybrid AI	하이브리드 AI	클라우드와 온디바이스 장점을 결합한 협력형 구조 (2025 AI 핵심용어)
Hyperparameter	하이퍼파라미터	학습 시작 전 사람이 직접 설정하는 조절 변수 (2025 AI 핵심용어)
Inference-Based Reinforcement Learning	추론 기반 강화학습	AI가 외부 피드백 없이 자체 추론을 기준으로 학습하는 방식 (2025 AI 핵심용어)
Invisible Watermarking	비가시적 워터마킹	보이지 않는 표식을 삽입해 출처·진위를 검증하는 기술 (2025 AI 핵심용어)
Jailbreak	탈옥	AI 안전장치를 우회해 금지된 응답을 유도하는 행위 (2025 AI 핵심용어)
Knowledge Distillation	지식 증류	큰 모델 지식을 작은 모델로 전달해 성능을 유지하는 기법 (2025 AI 핵심용어)
Large Action Model	거대 행동모델	언어 이해를 넘어 실제 행동을 수행하는 대규모 모델(LAM) (2025 AI 핵심용어)
Large Language Model	거대 언어모델	대규모 언어 데이터를 학습해 언어를 이해·생성하는 모델(LLM) (2025 AI 핵심용어)
Low Code	로우 코드	코딩을 최소화해 애플리케이션을 개발하는 간소화 방식 (2025 AI 핵심용어)
Low-Rank Adaptation	저랭크 적응	저차원 행렬만 조정하는 효율적 미세조정 기법(LoRA) (2025 AI 핵심용어)
Machine Learning	머신러닝	데이터를 학습해 스스로 규칙을 찾아내는 기술 (2025 AI 핵심용어)
Machine Learning Operations	머신러닝 운영	AI 개발·배포·운영을 자동화·관리하는 통합 체계(MLOps) (2025 AI 핵심용어)
Meta Learning	메타 러닝	학습 경험으로 더 빠르게 학습법을 배우는 AI 기술 (2025 AI 핵심용어)
Metadata	메타 데이터	데이터의 의미·맥락을 설명하는 데이터의 데이터 (2025 AI 핵심용어)
Mixture of Experts	전문가 조합	입력에 맞는 일부 전문가만 활성화해 효율을 높이는 AI 구조 (2025 AI 핵심용어)
Model Compression	모델 압축	모델 크기·연산량을 줄여 효율을 높이는 기법 (2025 AI 핵심용어)
Model Context Protocol	모델 컨텍스트 프로토콜	AI와 외부 도구·데이터를 표준 연결하는 개방형 프로토콜(MCP) (2025 AI 핵심용어)
Multi-Agent System	다중 에이전트 시스템	여러 에이전트가 협력·상호작용으로 문제를 해결하는 시스템(MAS) (2025 AI 핵심용어)
Multimodal	멀티모달	다른 형태 데이터를 연계해 의미를 통합 이해하는 기술 (2025 AI 핵심용어)
Multimodal Large Language Model	멀티모달 거대 언어모델	텍스트·이미지·음성을 함께 이해·생성하는 AI 모델(MLLM) (2025 AI 핵심용어)
Natural Language Processing	자연어 처리	AI가 인간 언어를 이해·생성하도록 하는 기술(NLP) (2025 AI 핵심용어)
Neural Processing Unit	신경망처리장치	인공신경망 학습·추론에 특화된 저전력 연산 장치(NPU) (2025 AI 핵심용어)
Neuromorphic Chip	뉴로모픽 칩	뇌 신경망을 모방해 기억·연산을 동시 수행하는 반도체 (2025 AI 핵심용어)
Neuromorphic Computing	뉴로모픽 컴퓨팅	뇌 신경망 구조를 모방해 정보를 처리하는 컴퓨팅 기술 (2025 AI 핵심용어)
No Code	노 코드	코드 없이 시각적 인터페이스만으로 앱을 제작하는 방식 (2025 AI 핵심용어)
On-Device AI	온디바이스 AI	단말기 내부에서 직접 AI 연산을 수행하는 기술 (2025 AI 핵심용어)
Open-Source AI	오픈소스 AI	모델·코드를 공개해 누구나 활용하도록 한 구조 (2025 AI 핵심용어)
Optical Character Recognition	광학 문자 인식	이미지 속 문자를 디지털 텍스트로 변환하는 기술(OCR) (2025 AI 핵심용어)
Overfitting	과적합	학습 데이터에만 특화돼 실제 성능이 하락하는 현상 (2025 AI 핵심용어)
Physical AI	피지컬 AI	물리적 장치로 현실세계에서 행동을 수행하는 AI 기술 (2025 AI 핵심용어)
Post-training Techniques	사후 훈련 기법	학습된 AI 모델을 추가 개선해 성능·안전성을 높이는 기법 (2025 AI 핵심용어)
Precision	정밀도	모델이 긍정 예측한 것 중 실제 정답 비율 (2025 AI 핵심용어)
Pretrained Model	사전학습모델	대규모 데이터로 미리 학습해 여러 과제에 쓰는 모델 (2025 AI 핵심용어)
Processing In Memory	메모리 연산	메모리 내부에서 연산을 수행해 효율을 높이는 기술(PIM) (2025 AI 핵심용어)
Prompt Injection	프롬프트 인젝션	숨긴 지시로 AI가 의도치 않은 행동을 하게 만드는 공격 (2025 AI 핵심용어)
Quantization	양자화	가중치를 낮은 비트폭으로 표현해 연산·메모리를 줄이는 기법 (2025 AI 핵심용어)
Reasoning Models	추론 모델	문제를 단계적으로 분석·해결하도록 설계된 AI 모델 (2025 AI 핵심용어)
Recall	재현율	실제 정답 중 모델이 찾아낸 비율을 나타내는 지표 (2025 AI 핵심용어)
Recurrent Neural Network	순환 신경망	이전 단계 정보를 다음 학습에 활용하는 신경망 구조(RNN) (2025 AI 핵심용어)
Reinforcement Learning	강화학습	보상과 시행착오로 스스로 행동을 학습하는 AI 기법 (2025 AI 핵심용어)
Reinforcement Learning from AI Feedback	AI 피드백 기반 강화학습	다른 AI가 응답을 평가해 학습하는 방식(RLAIF) (2025 AI 핵심용어)
Reinforcement Learning from Human Feedback	인간 피드백 기반 강화학습	사람 평가를 보상으로 활용해 응답 품질을 높이는 학습(RLHF) (2025 AI 핵심용어)
Retrieval-Augmented Generation	검색증강생성	외부 지식을 검색해 생성 결과를 보강하는 기술(RAG) (2025 AI 핵심용어)
Self-Supervised Learning	자기지도학습	정답 레이블 없이 스스로 학습 신호를 만드는 방식 (2025 AI 핵심용어)
Shadow AI	섀도 AI	공식 승인 없이 개인적으로 AI를 사용하는 현상 (2025 AI 핵심용어)
Simulation-to-Reality Transfer	시뮬레이션-현실 전이	가상환경에서 학습한 모델을 현실에 적용하는 기술(Sim-to-Real) (2025 AI 핵심용어)
Small Language Model	경량화언어모델	적은 자원으로 빠르게 작동하는 소형 언어모델(SLM) (2025 AI 핵심용어)
Sovereign AI	AI 기술 주권	국가 관할 내에서 AI 인프라·데이터를 통제·운영하는 역량 (2025 AI 핵심용어)
Sparse Attention	희소 어텐션	핵심 정보에만 집중해 연산 효율을 높이는 어텐션 기법 (2025 AI 핵심용어)
Spatial Intelligence	공간지능	공간의 형태·위치·움직임을 인식·이해하는 AI 기술 (2025 AI 핵심용어)
Stress Tests	스트레스 테스트	AI가 극단적 상황에서 안정 작동하는지 점검하는 시험 (2025 AI 핵심용어)
Supervised Learning	지도학습	입력과 정답을 함께 학습해 예측 모델을 만드는 방식 (2025 AI 핵심용어)
Symbolic AI	기호주의 AI	규칙과 기호로 지능을 구현하는 전통적 AI 방식 (2025 AI 핵심용어)
Synthetic Data	합성데이터	실제 데이터를 모방해 인공적으로 생성된 데이터 (2025 AI 핵심용어)
Technological Singularity	기술적 특이점	AI가 인간 지능을 넘어서는 전환점 (2025 AI 핵심용어)
Tensor Processing Unit	텐서처리장치	구글이 개발한 딥러닝 전용 연산 프로세서(TPU) (2025 AI 핵심용어)
Test-Time Augmentation	TTA	입력을 여러 형태로 변형해 예측을 평균·통합하는 기법(TTA) (2025 AI 핵심용어)
Test-Time Compute	추론-시점 연산량	추론 단계에서 입력 처리에 쓰이는 연산 자원 총량(TTC) (2025 AI 핵심용어)
Test-Time Scaling	TTS	추론 연산 규모를 조정해 출력 품질을 높이는 기법(TTS) (2025 AI 핵심용어)
Token	토큰	AI가 문장을 이해하기 위해 나누는 최소 의미 단위 (2025 AI 핵심용어)
Transformer Architecture	트랜스포머 아키텍처	문맥을 고려해 단어 간 관계를 학습하는 AI 모델 구조 (2025 AI 핵심용어)
Turing Test	튜링 테스트	AI의 지능 보유 판별을 위해 제안된 사고 실험 (2025 AI 핵심용어)
Unsupervised Learning	비지도학습	정답 없는 데이터에서 스스로 패턴·구조를 찾는 학습 (2025 AI 핵심용어)
Up-sampling	업샘플링	소수 클래스 데이터를 늘려 학습 균형을 맞추는 기법 (2025 AI 핵심용어)
User Interface (UI) Manipulation Agent	사용자 인터페이스 제어형 에이전트	화면 UI 요소를 인식·조작하며 작업을 수행하는 AI 에이전트 (2025 AI 핵심용어)
Vertical AI	버티컬 AI	특정 산업·분야에 맞춰 설계된 전문형 AI (2025 AI 핵심용어)
Vibe Coding	바이브 코딩	자연어 프롬프트로 AI가 코드를 생성하는 개발 방식 (2025 AI 핵심용어)
Visible Watermarking	가시적 워터마킹	이미지·영상에 식별 가능한 표식을 삽입해 출처를 표시 (2025 AI 핵심용어)
Vision-Language Model	비전언어모델	이미지와 텍스트를 함께 이해·처리하는 AI 모델(VLM) (2025 AI 핵심용어)
World Model	월드 모델	환경의 규칙·변화를 내부적으로 학습·예측하는 인지 구조 (2025 AI 핵심용어)
Zero-shot learning	제로샷 러닝	예시 없이도 새로운 문제를 해결하는 AI 일반화 능력 (2025 AI 핵심용어)
Post-Quantum Cryptography	양자내성암호	PQC. 양자컴퓨터 공격에 안전한 암호 (TTA 용어사전 표기 참조)
Quantum Key Distribution	양자 키 분배	QKD. 양자역학 원리로 암호 키를 분배 (TTA 용어사전 표기 참조)
quantum computing	양자컴퓨팅	큐비트로 연산하는 컴퓨팅 패러다임
quantum supremacy	양자우월성	고전 컴퓨터가 못 푸는 문제를 양자컴퓨터가 해결함을 시연
quantum advantage	양자우위	실용 문제에서 고전 컴퓨터 대비 성능 우위
qubit	큐비트	양자 정보의 기본 단위. quantum bit
superposition	중첩	큐비트가 여러 상태를 동시에 갖는 성질. 양자역학 문맥
entanglement	얽힘	양자 얽힘. 큐비트 간 상관 상태
quantum error correction	양자 오류 정정	큐비트 오류를 정정하는 기술
quantum annealing	양자 어닐링	최적화 문제 특화 양자 계산 방식
Q-Day	Q-Day	양자컴퓨터가 현행 암호를 깨는 시점. 번역 안함 (TTA 용어사전 수록)
homomorphic encryption	동형암호	암호화된 상태로 연산 가능한 암호
zero-knowledge proof	영지식 증명	정보를 공개하지 않고 사실을 증명하는 프로토콜
symmetric-key cryptography	대칭 키 암호	암·복호화에 같은 키 사용
public-key cryptography	공개 키 암호	공개 키·개인 키 쌍을 쓰는 암호. 비대칭 키 암호
digital signature	전자 서명	공문서·법령 용어는 전자 서명, 학술 문맥은 디지털 서명 혼용
hash function	해시 함수	임의 데이터를 고정 길이 값으로 변환
end-to-end encryption	종단 간 암호화	E2EE. 송수신 단말 사이 전 구간 암호화
key exchange	키 교환	통신 당사자 간 암호 키 합의
lattice-based cryptography	격자 기반 암호	PQC 주요 계열. 격자 문제 기반
confidential computing	기밀 컴퓨팅	사용 중인 데이터까지 보호하는 컴퓨팅
multi-factor authentication	다중 인증	MFA. 두 가지 이상 인증 요소 결합. '다단계 인증' 혼용
zero trust	제로 트러스트	암묵적 신뢰 없이 항상 검증하는 보안 모델
supply chain attack	공급망 공격	소프트웨어 공급망을 노리는 공격
